Respondent ID,What is your gender?,What is your age?,Marital Status,Level of Education,Select work experience in years,Select you a permanent or a contracted staff,Select Management Level,Does the organization experience cases of staff turnover?,"If the answer is yes in Q1, how do you manage staff turnover analysis in the organization? If the answer is no then skip to section 2","If the answer for question 2 is Automated Analysis,  which of the following BI techniques or methods do you use? Otherwise skip to section two.",,,,Staff turnover can lead to overall reduced employee performance?,Staff turnover can lead to low quality of service?,Staff turnover can lead to reduced Customer Satisfaction?,"Staff turnover can lead to Increased employee workload, burnout and stress levels?",Staff turnover can lead to  reduced employee morale?,"Staff turnover can lead to diminished employee collaboration, cohesion and bonds (social capital) ?",Staff turnover can lead to high costs of running the organization?,Staff turnover can lead to reduced organizational profitability?,Use of BI in analysis on staff analysis can lead to Improved prediction of staff turnover in the organization?,Use of BI in analysis of staff turnover can lead to Improved staff recruitment and talent Acquisition approach ?,Use of BI in analysis of staff turnover can lead to effective identification of staffing needs?,Use of BI in analysis of staff turnover can lead to improved efficiency in monitoring staff performance?,Use of BI in analysis of staff turnover can enable identify skill gaps among the organization’s employees?,Use of BI in analysis of staff turnover can lead to improved efficiency in detecting and mitigating workplace employee misconduct?,Use of BI in analysis of staff turnover can enable evaluation of organizational culture and overall employee experience?,The organization is doing enough to ensure the employees undergo training and other professional development activities?,The training opportunities offered by the organization are based on skills gap and improving performance targets?,The organization realigns and provides job promotion opportunities upon completion of training and other professional development opportunities?,I have attended one or more trainings which have led to a promotion ?,The organizational culture encourages employees to collaborate on tasks and decision making?,The organization has a framework that allows collaborative information sharing for accurate decision making in workforce management?,There exist systems with provision to infer data  from other departments to help in strategic decision making,I collaborate with other managers to achieve my work targets ?,The organization has a tool for monitoring and evaluating employee performance?,The organization is supportive in ensuring you achieve your strategic objectives?,The organization has a strategy of rewarding good performance and improving poor performance?,I was able to achieve my departmental targets for the last one year?,The organization has a structure with clear reporting lines ?,The organization’s culture promotes divergent views and opinions and allow room for discussion?,The organization has an effective communication policy ?,I work well with my supervisor?,I understand my career path,My job placement is in line with my career training,My skills are fully recognized and utilized,I see myself working at the Agriculture and Food Authority in the next 2 years ?,The organization has a system for vacancy identification and recruitment process?,"During my job interview, I was able to communicate information about my relevant skills, experience, and career goals?",My department has clear job roles and responsibilities?,"In overall, I was satisfied with the recruiting process for this position?",My salary and allowances are adequate with the position I hold at AFA?,The organization has a system to handle staff grievances?,"The position i hold gives me enough room to balance between family, work, career and other personal engagements?","Overall, I am satisfied with position at AFA?",I make strategic decisions within the organization?,I have enough data and information to support decision making within the department and it is readily available for inference?,The department has a system that allows for high level analysis and visualization of data to support decision-making?,Long term decisions made within your department are based on factual analyzed data?
13311026149,Male,35-44,Married,Bachelor's Degree,2-4,Contracted,Senior Managers,Yes,using excel worksheets,,,,,Yes,Yes,Yes,Yes,Yes,Yes,Yes,Yes,Yes,Yes,Yes,Yes,Yes,Yes,Yes,No,Yes,Yes,Yes,No,Yes,Yes,Yes,Yes,No,No,No,Yes,Yes,No,Yes,No,No,No,No,No,No,No,No,Yes,No,No,Dissatisfied,Yes,No,No,No
13311067312,Male,35-44,Married,Bachelor's Degree,2-4,Contracted,Senior Managers,Yes,using excel worksheets,,,,,Yes,Yes,Yes,Yes,Yes,Yes,Yes,Yes,Yes,Yes,Yes,Yes,Yes,Yes,Yes,,,,,,,,,,,,,,,,,,,,,,,,,,,,,,,,
13311134009,Male,35-44,Married,Bachelor's Degree,5-9,Permanent,Head of Department/Section,Yes,Manual Analysis,,,,,Yes,Yes,Yes,Yes,Yes,Yes,Yes,Yes,Yes,Yes,Yes,Yes,Yes,Yes,Yes,Yes,No,Yes,Yes,Yes,No,No,Yes,Yes,Yes,No,Yes,Yes,Yes,No,Yes,No,Yes,No,Yes,No,Yes,No,No,Yes,No,Yes,Satisfied,Yes,No,No,No
13312325279,Female,45-54,Married,Bachelor's Degree,Above 15,Permanent,Head of Department/Section,Yes,using excel worksheets,,,,Erp,Yes,Yes,Yes,Yes,Yes,Yes,Yes,Yes,Yes,Yes,Yes,Yes,Yes,Yes,Yes,Yes,No,No,No,Yes,Yes,No,Yes,Yes,Yes,Yes,Yes,Yes,Yes,Yes,Yes,Yes,Yes,Yes,Yes,Yes,Yes,Yes,Yes,No,Yes,Yes,Dissatisfied,No,Yes,No,Yes
13312359517,Female,45-54,Single,Bachelor's Degree,Above 15,Permanent,Senior Managers,,,,,,,,,,,,,,,,,,,,,,,,,,,,,,,,,,,,,,,,,,,,,,,,,,,,,
13312702289,Male,25-34,Married,Bachelor's Degree,5-9,Permanent,Senior Managers,Yes,Automated Analysis using a BI tool,,,Exploratory Data Analysis,,Yes,Yes,Yes,Yes,Yes,Yes,Yes,Yes,Yes,Yes,Yes,Yes,Yes,Yes,Yes,Yes,Yes,Yes,No,Yes,Yes,No,Yes,Yes,Yes,Yes,Yes,Yes,Yes,Yes,Yes,No,Yes,No,Yes,Yes,Yes,Yes,Yes,No,No,Yes,Satisfied,Yes,Yes,No,No
13313716568,Male,35-44,Married,Bachelor's Degree,Above 15,Permanent,Head of Department/Section,,,,,,,,,,,,,,,,,,,,,,,,,,,,,,,,,,,,,,,,,,,,,,,,,,,,,
13316150501,Male,18-24,Single,Bachelor's Degree,2-4,Contracted,Senior Managers,Yes,Manual Analysis,,,,,Yes,Yes,Yes,Yes,Yes,Yes,Yes,Yes,Yes,Yes,Yes,Yes,Yes,Yes,Yes,Yes,Yes,No,No,Yes,No,Yes,No,Yes,Yes,Yes,Yes,No,Yes,Yes,Yes,Yes,No,No,Yes,No,Yes,Yes,Yes,No,No,No,Satisfied,No,Yes,Yes,Yes
13318824414,Male,35-44,Married,Master's Degree,10-14,Permanent,Senior Managers,Yes,Automated Analysis using a BI tool,,Data Visualization,,,Yes,Yes,Yes,Yes,Yes,Yes,Yes,Yes,Yes,Yes,Yes,Yes,Yes,Yes,Yes,Yes,Yes,No,No,Yes,Yes,Yes,Yes,Yes,Yes,No,Yes,Yes,Yes,Yes,Yes,Yes,No,No,Yes,No,Yes,Yes,Yes,No,Yes,Yes,Dissatisfied,Yes,Yes,Yes,Yes
13320766348,Male,35-44,Married,Master's Degree,5-9,Contracted,Head of Directorate,Yes,Manual Analysis,,,,,Yes,Yes,Yes,Yes,Yes,Yes,Yes,Yes,Yes,Yes,Yes,Yes,Yes,Yes,Yes,No,No,No,No,No,Yes,Yes,No,Yes,No,No,No,Yes,No,No,No,No,No,No,No,No,No,No,No,No,No,No,Dissatisfied,No,Yes,No,No
13320786616,Male,18-24,Single,Master's Degree,2-4,Contracted,Senior Managers,Yes,Manual Analysis,,,,,Yes,Yes,Yes,Yes,Yes,Yes,Yes,Yes,Yes,Yes,Yes,Yes,Yes,Yes,Yes,No,No,No,No,No,No,No,No,Yes,No,No,No,Yes,No,No,No,No,No,No,No,Yes,No,No,No,No,No,No,Dissatisfied,No,No,No,No
13320812539,Female,18-24,Single,Bachelor's Degree,2-4,Contracted,Senior Managers,Yes,Manual Analysis,,,,,Yes,Yes,Yes,Yes,Yes,Yes,Yes,Yes,Yes,Yes,Yes,Yes,Yes,Yes,Yes,No,Yes,No,No,No,Yes,Yes,Yes,Yes,Yes,No,No,Yes,No,No,No,No,No,No,No,Yes,No,No,No,No,No,No,Dissatisfied,No,No,No,No
13320836617,Female,25-34,Single,Master's Degree,5-9,Contracted,Senior Managers,Yes,Manual Analysis,,,,,Yes,Yes,Yes,Yes,Yes,Yes,Yes,Yes,Yes,Yes,Yes,Yes,Yes,Yes,Yes,No,No,Yes,No,No,No,No,No,Yes,No,No,No,Yes,No,No,No,No,No,No,No,Yes,No,No,Yes,No,No,No,Dissatisfied,No,No,No,Yes
13320869543,Male,35-44,Single,Bachelor's Degree,10-14,Contracted,Senior Managers,Yes,No analysis,,,Exploratory Data Analysis,,Yes,Yes,Yes,Yes,Yes,Yes,Yes,Yes,Yes,Yes,Yes,Yes,Yes,Yes,Yes,Yes,Yes,Yes,Yes,Yes,Yes,Yes,Yes,Yes,Yes,Yes,Yes,Yes,Yes,Yes,Yes,Yes,Yes,Yes,Yes,Yes,Yes,Yes,Yes,No,Yes,Yes,Satisfied,Yes,Yes,Yes,Yes
13320884724,Male,35-44,Married,Master's Degree,10-14,Contracted,Head of Directorate,Yes,Manual Analysis,,,,,Yes,Yes,Yes,Yes,Yes,Yes,Yes,Yes,Yes,Yes,Yes,Yes,Yes,Yes,Yes,No,No,No,No,No,No,Yes,Yes,Yes,Yes,No,No,Yes,No,No,No,No,No,No,No,No,No,No,No,No,No,No,Dissatisfied,No,No,No,Yes
13320887309,Male,25-34,Single,Master's Degree,5-9,Contracted,Senior Managers,Yes,Manual Analysis,,,,,Yes,Yes,Yes,Yes,Yes,Yes,Yes,Yes,Yes,Yes,Yes,Yes,Yes,Yes,Yes,No,No,No,No,No,No,No,No,Yes,No,No,No,Yes,No,No,No,No,No,No,No,Yes,No,No,No,No,No,No,Dissatisfied,No,No,Yes,No
13320906171,Male,25-34,Single,Bachelor's Degree,5-9,Permanent,Senior Managers,No,,,,,,No,No,No,No,No,No,No,No,Yes,Yes,Yes,Yes,Yes,Yes,Yes,Yes,Yes,No,No,No,No,No,No,Yes,No,No,No,Yes,No,No,No,Yes,Yes,Yes,Yes,No,Yes,Yes,Yes,No,No,Yes,Dissatisfied,No,No,No,No
13321087935,Female,25-34,Single,Bachelor's Degree,Less than 2,Contracted,Senior Managers,Yes,Manual Analysis,,Data Visualization,,,Yes,Yes,Yes,Yes,Yes,Yes,Yes,Yes,Yes,Yes,Yes,Yes,Yes,Yes,Yes,Yes,Yes,Yes,Yes,Yes,Yes,Yes,Yes,Yes,Yes,Yes,Yes,Yes,Yes,Yes,Yes,Yes,Yes,Yes,Yes,Yes,Yes,Yes,Yes,No,Yes,Yes,Satisfied,No,No,No,No
13321091667,Male,55 +,Divorced/Separated,Primary,10-14,Contracted,Head of Department/Section,No,No analysis,,,,Power BI,Yes,Yes,Yes,Yes,Yes,Yes,Yes,No,Yes,Yes,Yes,Yes,Yes,Yes,Yes,Yes,Yes,Yes,Yes,Yes,Yes,Yes,Yes,Yes,Yes,Yes,No,Yes,Yes,Yes,Yes,Yes,Yes,Yes,Yes,Yes,Yes,Yes,Yes,No,No,Yes,Satisfied,Yes,Yes,Yes,Yes
13321102555,Male,35-44,Single,Master's Degree,10-14,Contracted,Senior Managers,Yes,using excel worksheets,,Data Visualization,,,Yes,Yes,Yes,Yes,Yes,Yes,Yes,Yes,Yes,Yes,Yes,Yes,Yes,Yes,Yes,Yes,Yes,Yes,Yes,Yes,Yes,Yes,Yes,Yes,Yes,Yes,Yes,Yes,Yes,Yes,Yes,Yes,Yes,Yes,Yes,Yes,Yes,Yes,Yes,Yes,Yes,Yes,Satisfied,Yes,Yes,Yes,Yes
13321407418,Female,25-34,Married,Bachelor's Degree,2-4,Contracted,Head of Directorate,Yes,Manual Analysis,,,,,Yes,Yes,Yes,Yes,Yes,Yes,Yes,Yes,Yes,Yes,Yes,Yes,Yes,Yes,Yes,Yes,Yes,Yes,Yes,No,Yes,Yes,Yes,Yes,No,Yes,Yes,Yes,Yes,Yes,Yes,No,No,Yes,Yes,Yes,Yes,No,Yes,Yes,Yes,Yes,Satisfied,No,Yes,Yes,Yes
13322134709,Female,35-44,Married,Master's Degree,10-14,Permanent,Senior Managers,Yes,Manual Analysis,,,,,Yes,Yes,Yes,Yes,Yes,Yes,Yes,Yes,Yes,Yes,Yes,Yes,Yes,Yes,Yes,Yes,Yes,No,No,Yes,Yes,Yes,Yes,Yes,Yes,No,Yes,No,Yes,Yes,Yes,Yes,Yes,Yes,Yes,No,Yes,Yes,Yes,Yes,No,Yes,Satisfied,No,No,Yes,Yes
13324298971,Female,35-44,Single,Bachelor's Degree,10-14,Permanent,Senior Managers,Yes,Manual Analysis,,,,,Yes,Yes,Yes,Yes,Yes,Yes,Yes,Yes,Yes,Yes,Yes,Yes,Yes,Yes,Yes,Yes,Yes,Yes,Yes,Yes,Yes,Yes,Yes,Yes,Yes,Yes,Yes,Yes,Yes,No,Yes,No,Yes,Yes,Yes,Yes,Yes,Yes,Yes,Yes,Yes,Yes,Satisfied,No,Yes,No,No
13324311621,Female,35-44,Single,Bachelor's Degree,10-14,Permanent,Senior Managers,Yes,Manual Analysis,,,,,Yes,Yes,Yes,Yes,Yes,Yes,Yes,Yes,Yes,Yes,Yes,Yes,Yes,Yes,Yes,Yes,Yes,Yes,Yes,No,Yes,Yes,Yes,Yes,No,No,Yes,Yes,Yes,Yes,No,No,Yes,Yes,Yes,Yes,Yes,Yes,Yes,Yes,Yes,Yes,Satisfied,No,Yes,No,Yes
13324988467,Female,45-54,Married,Bachelor's Degree,Above 15,Permanent,Head of Directorate,Yes,Manual Analysis,,,,,Yes,Yes,Yes,Yes,Yes,Yes,Yes,Yes,Yes,Yes,Yes,Yes,Yes,Yes,Yes,Yes,Yes,Yes,Yes,Yes,Yes,Yes,Yes,Yes,Yes,No,Yes,Yes,Yes,No,No,Yes,Yes,Yes,Yes,Yes,Yes,Yes,Yes,Yes,Yes,Yes,Satisfied,Yes,Yes,Yes,No
13325009658,Female,35-44,Single,Bachelor's Degree,10-14,Permanent,Senior Managers,Yes,Manual Analysis,,,,,Yes,Yes,Yes,Yes,Yes,Yes,Yes,Yes,Yes,Yes,Yes,Yes,Yes,Yes,Yes,Yes,Yes,Yes,Yes,No,Yes,Yes,Yes,Yes,No,No,Yes,Yes,Yes,Yes,Yes,No,Yes,Yes,Yes,Yes,Yes,Yes,Yes,Yes,Yes,Yes,Satisfied,No,Yes,No,No
13325010021,Female,35-44,Single,Bachelor's Degree,10-14,Permanent,Head of Department/Section,Yes,Manual Analysis,,,,,Yes,Yes,Yes,Yes,Yes,Yes,Yes,Yes,Yes,Yes,Yes,Yes,Yes,Yes,Yes,Yes,Yes,Yes,Yes,Yes,Yes,No,No,Yes,Yes,Yes,Yes,Yes,No,Yes,Yes,No,Yes,Yes,Yes,Yes,Yes,No,No,Yes,Yes,Yes,Satisfied,No,Yes,No,No
13325013435,Female,45-54,Married,Bachelor's Degree,10-14,Permanent,Senior Managers,Yes,Manual Analysis,,,,,Yes,Yes,Yes,Yes,Yes,Yes,Yes,Yes,Yes,Yes,Yes,Yes,Yes,Yes,Yes,Yes,Yes,Yes,Yes,Yes,No,Yes,Yes,Yes,Yes,Yes,Yes,Yes,Yes,Yes,Yes,Yes,Yes,Yes,Yes,Yes,Yes,Yes,Yes,Yes,Yes,Yes,Satisfied,Yes,Yes,Yes,No
13325028220,Female,35-44,Single,Bachelor's Degree,10-14,Permanent,Senior Managers,Yes,Manual Analysis,,,,,Yes,Yes,Yes,Yes,Yes,Yes,Yes,Yes,Yes,Yes,Yes,Yes,Yes,Yes,Yes,Yes,Yes,Yes,Yes,No,Yes,Yes,Yes,Yes,No,No,Yes,Yes,Yes,Yes,Yes,No,Yes,Yes,Yes,Yes,Yes,Yes,Yes,Yes,Yes,Yes,Satisfied,No,Yes,No,No
13325033277,Female,35-44,Married,Bachelor's Degree,10-14,Permanent,Senior Managers,Yes,Manual Analysis,,,,,Yes,Yes,Yes,Yes,Yes,Yes,Yes,Yes,Yes,Yes,Yes,Yes,Yes,Yes,Yes,Yes,Yes,Yes,Yes,Yes,No,Yes,Yes,Yes,Yes,No,Yes,Yes,Yes,Yes,Yes,Yes,Yes,Yes,Yes,Yes,Yes,Yes,Yes,Yes,Yes,Yes,Satisfied,No,Yes,No,No
13325048927,Female,35-44,Married,Bachelor's Degree,10-14,Permanent,Senior Managers,Yes,Manual Analysis,,,,,Yes,Yes,Yes,Yes,Yes,Yes,Yes,Yes,Yes,Yes,Yes,Yes,Yes,Yes,Yes,Yes,Yes,Yes,Yes,Yes,Yes,Yes,Yes,Yes,No,Yes,Yes,Yes,No,Yes,Yes,Yes,Yes,Yes,Yes,Yes,Yes,Yes,Yes,Yes,Yes,Yes,Satisfied,No,Yes,No,No
13325064718,Female,35-44,Married,Bachelor's Degree,10-14,Permanent,Head of Directorate,Yes,Manual Analysis,,,,,Yes,Yes,Yes,Yes,Yes,Yes,Yes,Yes,Yes,Yes,Yes,Yes,Yes,Yes,Yes,Yes,Yes,Yes,Yes,No,Yes,Yes,Yes,Yes,Yes,No,Yes,Yes,Yes,Yes,Yes,No,No,Yes,Yes,Yes,Yes,No,Yes,Yes,Yes,Yes,Satisfied,No,Yes,No,No
13325075286,Male,35-44,Married,Master's Degree,5-9,Permanent,Senior Managers,Yes,Manual Analysis,,,,,Yes,Yes,Yes,Yes,Yes,Yes,Yes,Yes,Yes,Yes,Yes,Yes,Yes,Yes,Yes,Yes,Yes,Yes,Yes,Yes,Yes,Yes,Yes,Yes,Yes,No,Yes,Yes,Yes,Yes,Yes,Yes,Yes,Yes,Yes,Yes,Yes,Yes,Yes,Yes,Yes,Yes,Satisfied,No,Yes,No,No
13325088611,Male,25-34,Single,Master's Degree,5-9,Permanent,Senior Managers,Yes,Manual Analysis,,,,,Yes,Yes,Yes,Yes,Yes,Yes,Yes,Yes,Yes,Yes,Yes,Yes,Yes,Yes,Yes,Yes,Yes,Yes,Yes,No,Yes,Yes,Yes,Yes,No,No,Yes,Yes,No,Yes,Yes,No,No,Yes,Yes,Yes,Yes,Yes,Yes,Yes,Yes,Yes,Satisfied,No,Yes,No,No
13325100665,Male,35-44,Single,Bachelor's Degree,10-14,Permanent,Head of Directorate,Yes,Manual Analysis,,,,,Yes,Yes,Yes,Yes,Yes,Yes,Yes,Yes,Yes,Yes,Yes,Yes,Yes,Yes,Yes,Yes,Yes,Yes,Yes,Yes,No,Yes,Yes,Yes,Yes,No,Yes,Yes,Yes,Yes,Yes,Yes,Yes,Yes,Yes,Yes,Yes,Yes,Yes,Yes,Yes,Yes,Satisfied,No,Yes,No,No
13325112384,Male,35-44,Single,Bachelor's Degree,10-14,Permanent,Head of Directorate,Yes,Manual Analysis,,,,,Yes,Yes,Yes,Yes,Yes,Yes,Yes,Yes,Yes,Yes,Yes,Yes,Yes,Yes,Yes,Yes,Yes,Yes,Yes,Yes,Yes,Yes,Yes,Yes,Yes,No,Yes,Yes,Yes,Yes,Yes,Yes,Yes,Yes,Yes,Yes,Yes,Yes,Yes,Yes,Yes,Yes,Satisfied,No,Yes,No,No
13325117123,Male,45-54,Married,Tertiary,Above 15,Permanent,Senior Managers,Yes,Manual Analysis,,,,,Yes,Yes,Yes,Yes,Yes,Yes,Yes,Yes,Yes,Yes,Yes,Yes,Yes,Yes,Yes,Yes,Yes,Yes,Yes,Yes,Yes,Yes,No,No,Yes,Yes,Yes,Yes,Yes,Yes,Yes,No,Yes,Yes,Yes,Yes,No,Yes,Yes,Yes,Yes,Yes,Satisfied,Yes,Yes,No,No
13325133096,Male,45-54,Married,Tertiary,10-14,Permanent,Senior Managers,Yes,Manual Analysis,,,,,Yes,Yes,Yes,Yes,Yes,Yes,Yes,Yes,Yes,Yes,Yes,Yes,Yes,Yes,Yes,Yes,Yes,Yes,Yes,Yes,Yes,Yes,Yes,Yes,Yes,No,Yes,Yes,Yes,Yes,Yes,No,No,Yes,Yes,Yes,No,Yes,Yes,Yes,Yes,Yes,Satisfied,No,Yes,No,No
13325142613,Male,35-44,Married,Bachelor's Degree,10-14,Permanent,Head of Department/Section,Yes,Manual Analysis,,,,,Yes,Yes,Yes,Yes,Yes,Yes,Yes,Yes,Yes,Yes,Yes,Yes,Yes,Yes,Yes,Yes,Yes,Yes,Yes,Yes,Yes,Yes,Yes,Yes,Yes,Yes,Yes,Yes,Yes,Yes,Yes,Yes,Yes,Yes,Yes,Yes,Yes,Yes,Yes,Yes,Yes,Yes,Satisfied,Yes,Yes,No,No
13325154800,Male,35-44,Married,Bachelor's Degree,10-14,Permanent,Head of Directorate,Yes,Manual Analysis,,,,,Yes,Yes,Yes,Yes,Yes,Yes,Yes,Yes,Yes,Yes,Yes,Yes,Yes,Yes,Yes,Yes,Yes,Yes,Yes,Yes,Yes,Yes,Yes,Yes,No,Yes,Yes,Yes,Yes,Yes,Yes,Yes,Yes,Yes,Yes,Yes,Yes,Yes,Yes,Yes,Yes,Yes,Satisfied,No,Yes,No,No
13325164511,Male,45-54,Married,Bachelor's Degree,10-14,Permanent,Head of Department/Section,Yes,Manual Analysis,,,,,Yes,Yes,Yes,Yes,Yes,Yes,Yes,Yes,Yes,Yes,Yes,Yes,Yes,Yes,Yes,Yes,Yes,Yes,Yes,Yes,No,Yes,No,Yes,Yes,Yes,No,Yes,No,Yes,Yes,Yes,No,Yes,Yes,Yes,Yes,Yes,Yes,Yes,Yes,Yes,Satisfied,No,Yes,No,No
13325174403,Male,35-44,Married,Bachelor's Degree,5-9,Permanent,Senior Managers,Yes,Manual Analysis,,,,,Yes,Yes,Yes,Yes,Yes,Yes,Yes,Yes,Yes,Yes,Yes,Yes,Yes,Yes,Yes,Yes,Yes,Yes,Yes,Yes,Yes,Yes,Yes,Yes,Yes,Yes,Yes,Yes,Yes,Yes,Yes,Yes,Yes,Yes,Yes,Yes,Yes,Yes,No,Yes,Yes,Yes,Satisfied,No,Yes,No,Yes
13325186542,Male,45-54,Married,Bachelor's Degree,Above 15,Permanent,Head of Directorate,Yes,Manual Analysis,,,,,Yes,Yes,Yes,Yes,Yes,Yes,Yes,Yes,Yes,Yes,Yes,Yes,Yes,Yes,Yes,Yes,Yes,Yes,Yes,Yes,Yes,Yes,Yes,Yes,Yes,Yes,Yes,Yes,Yes,Yes,Yes,Yes,Yes,Yes,Yes,Yes,Yes,Yes,Yes,Yes,Yes,Yes,Satisfied,No,Yes,No,No
13325194875,Male,35-44,Married,Bachelor's Degree,10-14,Permanent,Head of Directorate,Yes,Manual Analysis,,,,,Yes,Yes,Yes,Yes,Yes,Yes,Yes,Yes,Yes,Yes,Yes,Yes,Yes,Yes,Yes,Yes,Yes,Yes,Yes,Yes,No,Yes,No,Yes,Yes,Yes,Yes,Yes,Yes,Yes,Yes,Yes,No,Yes,Yes,Yes,Yes,Yes,Yes,Yes,Yes,Yes,Satisfied,No,Yes,No,No
13325195540,Male,45-54,Married,Bachelor's Degree,Above 15,Permanent,Senior Managers,Yes,Manual Analysis,,,,,Yes,Yes,Yes,Yes,Yes,Yes,Yes,Yes,Yes,Yes,Yes,Yes,Yes,Yes,Yes,Yes,Yes,Yes,Yes,Yes,Yes,Yes,Yes,Yes,Yes,Yes,Yes,Yes,Yes,Yes,Yes,Yes,Yes,Yes,Yes,Yes,Yes,Yes,Yes,No,Yes,Yes,Satisfied,No,No,No,No
13325228805,Male,45-54,Married,Tertiary,10-14,Permanent,Senior Managers,Yes,Manual Analysis,,,,,Yes,Yes,Yes,Yes,Yes,Yes,Yes,Yes,Yes,Yes,Yes,Yes,Yes,Yes,Yes,Yes,Yes,Yes,Yes,Yes,Yes,Yes,Yes,Yes,Yes,No,Yes,Yes,Yes,Yes,Yes,No,No,Yes,Yes,Yes,No,Yes,Yes,Yes,Yes,Yes,Satisfied,Yes,Yes,No,No
13325242155,Male,35-44,Married,Bachelor's Degree,10-14,Permanent,Head of Department/Section,Yes,Manual Analysis,,,,,Yes,Yes,Yes,Yes,Yes,Yes,Yes,Yes,Yes,Yes,Yes,Yes,Yes,Yes,Yes,Yes,Yes,Yes,Yes,Yes,Yes,Yes,Yes,Yes,Yes,No,Yes,Yes,Yes,Yes,Yes,No,No,Yes,Yes,Yes,Yes,Yes,Yes,Yes,Yes,Yes,Satisfied,No,Yes,No,Yes
13325250436,Male,35-44,Married,Bachelor's Degree,10-14,Permanent,Head of Department/Section,Yes,Manual Analysis,,,,,Yes,Yes,Yes,Yes,Yes,Yes,Yes,Yes,Yes,Yes,Yes,Yes,Yes,Yes,Yes,Yes,Yes,Yes,Yes,Yes,Yes,Yes,No,Yes,Yes,No,Yes,Yes,Yes,Yes,No,No,No,Yes,Yes,Yes,Yes,Yes,Yes,Yes,Yes,Yes,Satisfied,Yes,Yes,No,No
13325256669,Male,45-54,Married,Bachelor's Degree,Above 15,Permanent,Head of Department/Section,Yes,Manual Analysis,,,,,Yes,Yes,Yes,Yes,Yes,Yes,Yes,Yes,Yes,Yes,Yes,Yes,Yes,Yes,Yes,Yes,Yes,Yes,Yes,Yes,Yes,Yes,Yes,Yes,Yes,Yes,Yes,Yes,Yes,Yes,Yes,Yes,No,Yes,Yes,Yes,No,Yes,Yes,Yes,Yes,Yes,Satisfied,Yes,Yes,No,No
13325263087,Male,35-44,Married,Bachelor's Degree,10-14,Permanent,Head of Department/Section,Yes,Manual Analysis,,,,,Yes,Yes,Yes,Yes,Yes,Yes,Yes,Yes,Yes,Yes,Yes,Yes,Yes,Yes,Yes,Yes,Yes,Yes,Yes,Yes,Yes,Yes,No,Yes,Yes,Yes,Yes,Yes,Yes,Yes,Yes,Yes,No,Yes,Yes,Yes,Yes,Yes,Yes,Yes,Yes,Yes,Satisfied,No,Yes,No,No
13326047032,Male,45-54,Married,Bachelor's Degree,Above 15,Permanent,Senior Managers,No,No analysis,,,,,Yes,Yes,Yes,Yes,Yes,Yes,Yes,Yes,Yes,Yes,Yes,Yes,Yes,Yes,Yes,Yes,Yes,No,No,Yes,Yes,Yes,Yes,Yes,Yes,Yes,Yes,Yes,Yes,Yes,Yes,Yes,Yes,Yes,Yes,Yes,Yes,Yes,Yes,No,Yes,Yes,Satisfied,Yes,Yes,No,Yes
13326052446,Male,35-44,Married,Tertiary,10-14,Permanent,Head of Department/Section,Yes,using excel worksheets,,Data Visualization,,ERP System HR Module,Yes,Yes,Yes,Yes,Yes,Yes,Yes,Yes,Yes,Yes,Yes,Yes,Yes,Yes,Yes,No,Yes,No,No,Yes,No,No,Yes,Yes,Yes,No,No,Yes,Yes,No,Yes,Yes,Yes,Yes,Yes,Yes,Yes,Yes,Yes,No,Yes,Yes,Dissatisfied,Yes,Yes,Yes,Yes
13326082391,Male,25-34,Married,Master's Degree,10-14,Permanent,Senior Managers,Yes,Manual Analysis,,,,Exut interviews fed in the ERP module,Yes,Yes,Yes,Yes,Yes,Yes,Yes,Yes,Yes,Yes,Yes,Yes,Yes,Yes,Yes,No,No,No,No,No,No,No,No,Yes,No,No,No,Yes,No,No,No,Yes,No,No,No,Yes,No,No,No,No,Yes,No,Dissatisfied,No,Yes,Yes,No
13327269112,Male,25-34,Single,Tertiary,2-4,Contracted,Head of Department/Section,Yes,Automated Analysis using a BI tool,,Data Visualization,,Perfomance analysis tool,Yes,Yes,Yes,Yes,Yes,Yes,Yes,Yes,Yes,Yes,Yes,Yes,Yes,No,Yes,Yes,Yes,Yes,No,Yes,Yes,Yes,Yes,Yes,Yes,No,Yes,No,Yes,Yes,Yes,Yes,Yes,Yes,Yes,Yes,Yes,Yes,Yes,Yes,Yes,Yes,Satisfied,Yes,Yes,Yes,Yes
13328535795,Female,45-54,Married,Master's Degree,Above 15,Permanent,Head of Department/Section,Yes,Manual Analysis,,,,,Yes,Yes,Yes,Yes,Yes,Yes,Yes,Yes,Yes,Yes,Yes,Yes,Yes,Yes,Yes,No,No,No,No,Yes,No,No,No,Yes,Yes,No,No,Yes,Yes,No,No,No,No,No,No,No,Yes,Yes,No,No,No,Yes,Dissatisfied,No,No,No,No
13329094474,Male,45-54,Married,Master's Degree,10-14,Permanent,Head of Department/Section,Yes,Manual Analysis,,,,,Yes,Yes,Yes,Yes,Yes,Yes,Yes,Yes,Yes,Yes,Yes,Yes,Yes,Yes,Yes,Yes,No,No,No,No,No,No,No,No,Yes,No,No,Yes,Yes,Yes,No,Yes,Yes,No,No,No,Yes,Yes,Yes,No,Yes,No,Dissatisfied,Yes,No,No,No
13334361006,Male,25-34,Divorced/Separated,Bachelor's Degree,2-4,Contracted,Senior Managers,Yes,using excel worksheets,,,,,Yes,Yes,Yes,Yes,Yes,Yes,Yes,Yes,Yes,Yes,Yes,Yes,Yes,Yes,Yes,No,No,No,Yes,No,No,No,Yes,Yes,Yes,No,Yes,Yes,No,No,No,No,No,Yes,No,No,No,No,No,No,Yes,Yes,Dissatisfied,Yes,No,No,No
13334411176,Female,55 +,Married,Bachelor's Degree,10-14,Permanent,Head of Department/Section,Yes,Manual Analysis,,,,,Yes,Yes,Yes,Yes,Yes,Yes,Yes,Yes,Yes,Yes,Yes,Yes,Yes,Yes,Yes,Yes,Yes,Yes,Yes,Yes,Yes,Yes,Yes,Yes,Yes,Yes,Yes,Yes,Yes,Yes,Yes,Yes,Yes,Yes,Yes,Yes,Yes,Yes,Yes,No,Yes,Yes,Satisfied,Yes,No,No,No
13334476233,Female,18-24,Single,Bachelor's Degree,2-4,Contracted,Senior Managers,Yes,Manual Analysis,,,,,Yes,Yes,Yes,Yes,Yes,Yes,Yes,Yes,Yes,Yes,Yes,Yes,Yes,Yes,Yes,Yes,Yes,Yes,Yes,Yes,Yes,Yes,Yes,Yes,Yes,Yes,Yes,Yes,Yes,Yes,Yes,Yes,Yes,Yes,Yes,Yes,Yes,Yes,Yes,Yes,Yes,Yes,Satisfied,Yes,No,No,No
13334479954,Male,25-34,Married,Bachelor's Degree,5-9,Contracted,Senior Managers,Yes,Manual Analysis,,,,,Yes,Yes,Yes,Yes,Yes,Yes,Yes,Yes,Yes,Yes,Yes,Yes,Yes,Yes,Yes,Yes,Yes,No,No,Yes,Yes,No,Yes,Yes,Yes,No,Yes,Yes,Yes,Yes,Yes,Yes,Yes,Yes,Yes,Yes,Yes,Yes,Yes,Yes,Yes,Yes,Satisfied,Yes,No,No,No
13334812213,Male,35-44,Married,Bachelor's Degree,10-14,Contracted,Head of Department/Section,Yes,using excel worksheets,,,,Excel,Yes,Yes,Yes,Yes,Yes,Yes,Yes,Yes,,,,,,,,,,,,,,,,,,,,,,,,,,,,,,,,,,,,,,,
13335218631,Female,55 +,Single,Master's Degree,Above 15,Permanent,Senior Managers,No,No analysis,,,,,Yes,Yes,Yes,Yes,Yes,Yes,Yes,Yes,Yes,Yes,Yes,Yes,Yes,Yes,Yes,Yes,No,No,Yes,No,No,Yes,Yes,Yes,Yes,No,Yes,Yes,No,No,Yes,Yes,Yes,Yes,Yes,Yes,No,Yes,Yes,Yes,Yes,No,Satisfied,Yes,Yes,No,No
13335994395,Female,25-34,Single,Bachelor's Degree,2-4,Contracted,Senior Managers,Yes,using excel worksheets,,,,,Yes,Yes,Yes,Yes,Yes,Yes,Yes,Yes,Yes,Yes,Yes,Yes,Yes,Yes,Yes,No,No,No,No,No,No,No,No,No,No,No,No,Yes,No,No,No,Yes,No,No,No,No,No,No,No,No,No,No,Dissatisfied,Yes,No,No,No
13336010635,Male,35-44,Divorced/Separated,Bachelor's Degree,2-4,Permanent,Senior Managers,Yes,using excel worksheets,,,,,Yes,Yes,Yes,Yes,Yes,Yes,Yes,Yes,Yes,Yes,Yes,Yes,Yes,Yes,Yes,Yes,No,No,Yes,Yes,Yes,No,No,Yes,No,No,No,No,Yes,No,No,No,No,No,Yes,No,Yes,No,No,No,No,No,Dissatisfied,Yes,No,No,No
13336027236,Male,55 +,Married,Master's Degree,10-14,Permanent,Head of Department/Section,Yes,No analysis,,,,,Yes,Yes,Yes,Yes,Yes,Yes,Yes,Yes,Yes,Yes,Yes,Yes,Yes,Yes,Yes,No,Yes,No,No,No,No,No,No,Yes,Yes,No,Yes,Yes,No,Yes,Yes,No,Yes,Yes,No,No,No,Yes,No,No,No,Yes,Dissatisfied,Yes,No,No,No
13336046608,Male,45-54,Married,Master's Degree,5-9,Permanent,Head of Department/Section,Yes,using excel worksheets,,,,,Yes,Yes,Yes,Yes,Yes,Yes,Yes,Yes,Yes,Yes,Yes,Yes,Yes,Yes,Yes,Yes,Yes,Yes,Yes,Yes,Yes,Yes,Yes,Yes,Yes,Yes,Yes,Yes,Yes,Yes,Yes,Yes,Yes,Yes,Yes,Yes,Yes,Yes,Yes,Yes,Yes,Yes,Satisfied,Yes,Yes,No,Yes
13336089376,Female,45-54,Married,Bachelor's Degree,10-14,Permanent,Senior Managers,Yes,No analysis,,,,,Yes,Yes,Yes,Yes,Yes,Yes,Yes,Yes,Yes,Yes,Yes,Yes,Yes,Yes,Yes,Yes,No,No,No,Yes,Yes,No,Yes,Yes,Yes,No,Yes,Yes,Yes,Yes,Yes,No,Yes,Yes,Yes,No,Yes,Yes,Yes,Yes,Yes,Yes,Dissatisfied,Yes,Yes,No,No
13336116584,Female,25-34,Married,Bachelor's Degree,2-4,Contracted,Senior Managers,Yes,using excel worksheets,,,,,Yes,Yes,Yes,Yes,Yes,Yes,Yes,Yes,Yes,Yes,Yes,Yes,Yes,Yes,Yes,Yes,Yes,Yes,No,Yes,No,No,Yes,Yes,Yes,Yes,Yes,Yes,Yes,Yes,Yes,Yes,Yes,Yes,Yes,Yes,Yes,Yes,Yes,Yes,Yes,Yes,Satisfied,Yes,Yes,No,Yes
13336139978,Female,55 +,Married,Master's Degree,5-9,Permanent,Head of Department/Section,Yes,No analysis,,,,,Yes,Yes,Yes,Yes,Yes,Yes,Yes,Yes,Yes,Yes,Yes,Yes,Yes,Yes,Yes,Yes,Yes,Yes,Yes,Yes,Yes,Yes,Yes,Yes,Yes,Yes,Yes,Yes,Yes,Yes,Yes,Yes,Yes,Yes,Yes,Yes,Yes,Yes,Yes,Yes,Yes,Yes,Satisfied,Yes,Yes,No,Yes
13337193435,Male,35-44,Married,Bachelor's Degree,10-14,Permanent,Head of Department/Section,Yes,No analysis,,,,,Yes,Yes,Yes,Yes,Yes,Yes,Yes,Yes,Yes,Yes,Yes,Yes,Yes,Yes,Yes,Yes,No,No,Yes,No,Yes,No,Yes,Yes,Yes,No,Yes,Yes,Yes,No,Yes,No,Yes,No,Yes,No,No,Yes,No,Yes,Yes,Yes,Satisfied,Yes,No,No,No
